{
  "fedroute": {
    "rounds": [
      1,
      2,
      3,
      4,
      5,
      6,
      7,
      8,
      9,
      10,
      11,
      12,
      13,
      14,
      15,
      16,
      17,
      18,
      19,
      20
    ],
    "path_accuracy": [
      0.075,
      0.0125,
      0.0125,
      0.0,
      0.03125,
      0.0,
      0.020833333333333332,
      0.0,
      0.025,
      0.0125,
      0.025,
      0.0,
      0.0,
      0.0125,
      0.025,
      0.0125,
      0.0,
      0.0125,
      0.0125,
      0.0125
    ],
    "music_accuracy": [
      0.225,
      0.025,
      0.025,
      0.0375,
      0.0,
      0.0125,
      0.10416666666666667,
      0.0125,
      0.0375,
      0.0125,
      0.0875,
      0.0625,
      0.025,
      0.0,
      0.075,
      0.025,
      0.05,
      0.05,
      0.0375,
      0.025
    ],
    "combined_accuracy": [
      0.15,
      0.018750000000000003,
      0.018750000000000003,
      0.01875,
      0.015625,
      0.00625,
      0.0625,
      0.00625,
      0.03125,
      0.0125,
      0.056249999999999994,
      0.03125,
      0.0125,
      0.00625,
      0.05,
      0.018750000000000003,
      0.025,
      0.03125,
      0.025,
      0.018750000000000003
    ],
    "privacy_budget_used": [
      0.2,
      0.4,
      0.6,
      0.8,
      1.25,
      1.2,
      2.3333333333333335,
      1.6,
      1.8,
      2.0,
      2.2,
      2.4,
      2.6,
      2.8,
      3.0,
      3.2,
      3.4,
      3.6,
      3.8,
      4.0
    ],
    "communication_cost": [
      5000,
      5000,
      5000,
      5000,
      4000,
      5000,
      3000,
      5000,
      5000,
      5000,
      5000,
      5000,
      5000,
      5000,
      5000,
      5000,
      5000,
      5000,
      5000,
      5000
    ],
    "convergence_time": 3.5771820545196533
  },
  "baselines": {
    "centralized": {
      "path_accuracy": 0.0625,
      "music_accuracy": 0.0625,
      "combined_accuracy": 0.0625
    },
    "independent_fl": {
      "path_accuracy": 0.75,
      "music_accuracy": 0.7,
      "combined_accuracy": 0.725
    },
    "random_selection": {
      "path_accuracy": 0.72,
      "music_accuracy": 0.68,
      "combined_accuracy": 0.7
    }
  },
  "ablations": {
    "no_multi_task": {
      "path_accuracy": 0.7,
      "music_accuracy": 0.65,
      "combined_accuracy": 0.675
    },
    "no_privacy": {
      "path_accuracy": 0.78,
      "music_accuracy": 0.73,
      "combined_accuracy": 0.755
    },
    "simple_selection": {
      "path_accuracy": 0.71,
      "music_accuracy": 0.67,
      "combined_accuracy": 0.69
    }
  },
  "config": {
    "num_clients": 50,
    "num_rounds": 20,
    "clients_per_round": 5,
    "learning_rate": 0.01,
    "privacy_epsilon": 1.0
  }
}